{"zc706": {"resnet50": {"runs": 15, "duration": 3640.045245027542}, "resnet152": {"runs": 4, "duration": 9705.616657674313}, "xce_r": {"runs": 4, "duration": 4998.893539011478}, "dense121": {"runs": 4, "duration": 8529.416154444218}, "mob_v2": {"runs": 4, "duration": 2453.789061963558}, "unet": {"runs": 2, "duration": 1424.6038053035736}, "cmt": {"runs": 2, "duration": 9728.356933236122}}, "vcu108": {"resnet152": {"runs": 4, "duration": 6233.91621440649}, "resnet50": {"runs": 4, "duration": 2391.2694966197014}, "xce_r": {"runs": 4, "duration": 4803.33668088913}, "dense121": {"runs": 4, "duration": 4789.738509595394}, "mob_v2": {"runs": 4, "duration": 3276.2318384051323}, "unet": {"runs": 2, "duration": 1439.540906071663}, "cmt": {"runs": 2, "duration": 10115.624987006187}}, "zcu102": {"resnet152": {"runs": 3, "duration": 10244.268514315287}, "resnet50": {"runs": 3, "duration": 3772.0459915796914}, "xce_r": {"runs": 3, "duration": 5224.228984753291}, "dense121": {"runs": 3, "duration": 7337.246091604233}, "mob_v2": {"runs": 3, "duration": 3324.884803533554}, "unet": {"runs": 2, "duration": 1912.4482946395874}, "cmt": {"runs": 2, "duration": 16369.985860586166}}, "vcu118": {"resnet152": {"runs": 2, "duration": 12072.08682346344}, "resnet50": {"runs": 2, "duration": 3474.0119918584824}, "xce_r": {"runs": 2, "duration": 6560.275663495064}, "dense121": {"runs": 2, "duration": 7370.903121352196}, "mob_v2": {"runs": 2, "duration": 3448.368010044098}, "unet": {"runs": 1, "duration": 2403.7688229084015}, "cmt": {"runs": 2, "duration": 16110.394938826561}}}