{"zc706": {"unet": {"runs": 3, "duration": 26.691941340764362}, "resnet152": {"runs": 3, "duration": 85.54016510645549}, "resnet50": {"runs": 3, "duration": 44.480388482411705}, "xce_r": {"runs": 3, "duration": 85.48027563095093}, "dense121": {"runs": 3, "duration": 79.28252649307251}, "mob_v2": {"runs": 3, "duration": 79.84074401855469}, "cmt": {"runs": 3, "duration": 133.16231846809387}}, "vcu108": {"unet": {"runs": 3, "duration": 26.002717812856037}, "resnet152": {"runs": 3, "duration": 85.29205362002055}, "resnet50": {"runs": 3, "duration": 41.867465813954674}, "xce_r": {"runs": 3, "duration": 84.99483227729797}, "dense121": {"runs": 3, "duration": 73.7626302242279}, "mob_v2": {"runs": 3, "duration": 82.97163701057434}, "cmt": {"runs": 3, "duration": 130.9176855882009}}, "zcu102": {"unet": {"runs": 3, "duration": 30.44168448448181}, "resnet152": {"runs": 3, "duration": 93.65021848678589}, "resnet50": {"runs": 3, "duration": 49.38640014330546}, "xce_r": {"runs": 3, "duration": 106.70133248964946}, "dense121": {"runs": 3, "duration": 81.70055667559306}, "mob_v2": {"runs": 3, "duration": 92.88922635714214}, "cmt": {"runs": 3, "duration": 154.8758006890615}}, "vcu118": {"unet": {"runs": 3, "duration": 30.51338831583659}, "resnet152": {"runs": 3, "duration": 100.7937924861908}, "resnet50": {"runs": 3, "duration": 57.649850368499756}, "xce_r": {"runs": 3, "duration": 102.20750625928243}, "dense121": {"runs": 3, "duration": 100.47071401278178}, "mob_v2": {"runs": 3, "duration": 112.7760447661082}, "cmt": {"runs": 3, "duration": 198.24169023831686}}}