{"zc706": {"resnet50": {"runs": 19, "duration": 959.888993928307}, "resnet152": {"runs": 4, "duration": 2785.6791358590126}, "xce_r": {"runs": 4, "duration": 1246.8632971644402}, "dense121": {"runs": 4, "duration": 1820.6895754933357}, "mob_v2": {"runs": 4, "duration": 844.9823964238167}, "unet": {"runs": 3, "duration": 499.55956411361694}, "cmt": {"runs": 2, "duration": 2892.4763441085815}}, "vcu108": {"resnet152": {"runs": 4, "duration": 2635.388794064522}, "resnet50": {"runs": 4, "duration": 835.1983583569527}, "xce_r": {"runs": 4, "duration": 1187.7695781588554}, "dense121": {"runs": 4, "duration": 1734.2408031225204}, "mob_v2": {"runs": 4, "duration": 846.4839486479759}, "unet": {"runs": 2, "duration": 552.3902982473373}, "cmt": {"runs": 2, "duration": 2786.0735553503036}}, "zcu102": {"resnet152": {"runs": 4, "duration": 2971.3321712613106}, "resnet50": {"runs": 4, "duration": 937.8321079611778}, "xce_r": {"runs": 4, "duration": 1417.9797275066376}, "dense121": {"runs": 4, "duration": 2283.4155341386795}, "mob_v2": {"runs": 4, "duration": 1056.7567989230156}, "unet": {"runs": 2, "duration": 591.1671413183212}, "cmt": {"runs": 2, "duration": 2837.9966069459915}}, "vcu118": {"resnet152": {"runs": 4, "duration": 3194.170362472534}, "resnet50": {"runs": 4, "duration": 1378.8882506489754}, "xce_r": {"runs": 4, "duration": 1432.661393046379}, "dense121": {"runs": 4, "duration": 2317.459355354309}, "mob_v2": {"runs": 4, "duration": 1294.837826192379}, "unet": {"runs": 4, "duration": 703.6661478281021}, "cmt": {"runs": 3, "duration": 3046.5397351582847}}}