{"Segmented": [1.0, 1.0, 1.0, 1.0, 1.0, 1.0, 1.0, 1.0, 1.0, 1.0, 1.0, 1.0, 1.0, 1.0, 1.0, 1.0, 1.0, 1.0, 1.0, 1.0], "SegmentedRR": [3.107046476761619, 1.9694260167291606, 0.3239038189533239, 0.6030603060306031, 1.2812655705032387, 1.243400859422959, 1.3737563085796687, 0.3309248554913295, 1.0, 1.2319749216300941, 0.9995581087052584, 1.0, 1.0, 1.0, 0.6789830508474576, 0.9995581087052584, 1.0, 1.0, 1.0, 0.999500998003992], "Hybrid": [0.6842578710644678, 0.8041534467839632, 0.3253182461103253, 0.6120612061206121, 0.517688091679123, 0.694290976058932, 0.8011535688536411, 0.33236994219653176, 1.0, 0.5329153605015673, 1.0, 1.000179985601152, 1.0, 1.0, 0.679322033898305, 1.0, 1.000179985601152, 1.0043668122270741, 1.0, 1.0]}