{"fms_access": [0.20233631381597922, 0.003605422555523507, 0.0064897605999423135, 0.7043847241867044, 0.02828854314002829, 0.0297029702970297], "weight_access": [0.7976636861840207, 1.965820594173637, 0.7976636861840207, 0.2956152758132956, 0.2956152758132956, 0.2956152758132956]}