{
    "SegmentedRR": [
        0.663592881458181,
        0.4217435897435898,
        0.5083947126531744,
        0.6826394230071543,
        0.9140505982437823,
        0.828001505457283,
        0.7089305945519925,
        0.47489224760214876,
        0.8579721081426218,
        0.9888322884012536,
        0.7952210274790924,
        0.7177621893132414,
        0.6411015801629154,
        0.5499481695673522,
        0.6526454961682541,
        0.6586162669699688,
        0.586387434554974,
        0.8591529838661403,
        0.5194372068785824,
        0.647136340598074
    ],
    "Hybrid": [
        0.8748485110803343,
        0.870606738854274,
        0.8743453928609407,
        1.2121212121212122,
        1.4574963153010536,
        0.7974867085548576,
        0.822534291312867,
        0.8743453928609407,
        1.1972863507492897,
        1.6577644145737525,
        0.7969971848608085,
        0.986398258977149,
        0.8802857329081688,
        1.2970588235294118,
        1.3310696095076395,
        0.8120300751879699,
        1.2214663643235073,
        1.0786577265707906,
        1.2059766499304339,
        1.277895338861881
    ]
}