{"Segmented": [1.0, 1.0, 1.0, 1.0, 1.0, 1.0, 1.0, 1.0, 1.0, 1.0, 1.0, 1.0, 1.0, 1.0, 1.0, 1.0, 1.0, 1.0, 1.0, 1.0], "SegmentedRR": [0.722136355830328, 1.2807220934084134, 1.0493147003493686, 0.7471264367816092, 0.5328225666028209, 0.6963062257968424, 0.7484860718611223, 0.550316856780735, 0.823529411764706, 0.6005279366476023, 0.5891722479821397, 0.7678039085789996, 1.1332975006718624, 0.5661680092059839, 0.5328225666028209, 0.580443714050945, 0.7887503994886546, 0.8765462042202281, 0.8621794871794871, 0.5804219993081979], "Hybrid": [0.8554868624420402, 1.1906260351109639, 1.0940607363611932, 0.8308702791461412, 0.72401184050148, 1.074322311587727, 0.8255954784012919, 0.7338403041825095, 0.8529411764705881, 0.7206335239771227, 1.0903314442727117, 1.2618416694269625, 1.0940607363611932, 0.6075949367088608, 0.8422427302803412, 0.8706655710764174, 1.184084372003835, 1.0417171962163474, 1.0064102564102564, 0.7371151850570736]}