{"Segmented": [1.0, 1.0, 1.0, 1.0, 1.0, 1.0, 1.0, 1.0, 1.0, 1.0, 1.0, 1.0, 1.0, 1.0, 1.0, 1.0, 1.0, 1.0, 1.0, 1.0], "SegmentedRR": [0.4152823765596703, 0.5787346980029371, 0.6700094172823067, 0.7473519345063002, 0.5262878992872291, 0.5681854825011471, 0.7088674533739758, 0.46175572297690737, 0.6686733745812439, 0.727777544918867, 0.6926577840051699, 0.709324203439392, 0.7263019960383973, 1.0384443415984876, 0.48724893659627544, 0.650671974816546, 0.6923250063915111, 0.576765096556657, 0.7276453863185163, 0.5674976819397163], "Hybrid": [0.8808602150537633, 0.8309440559440574, 1.0401222774168897, 1.0683411826268971, 1.0, 1.0207700415400829, 0.8827510954256393, 0.7398341435516154, 0.985784284072349, 1.0149878077922212, 0.8256637677820652, 0.7501208313194779, 1.1291121330031837, 1.1489671931956258, 1.0, 0.8539941621492823, 0.75355001577785, 0.969569779643232, 1.1238919810348378, 0.8944088977581169]}