{"SegmentedRR": [0.6957084225553176, 1.2285438765670202, 1.0190435280641466, 0.6902164192452156, 0.6671428571428571, 0.5575927908636688, 0.7307939569270331, 1.090922107674685, 0.6902164192452156, 0.5636942675159236, 0.5698653929656969, 0.7568753657109422, 0.7925711529184756, 0.7459302325581396, 0.8885869565217391, 0.7630667765869745, 0.7812725958062183, 0.5499577821559245, 0.748780487804878, 0.8288288288288288], "Hybrid": [0.8894985724482513, 1.172613307618129, 1.1746849942726232, 0.7592559470577716, 0.7557142857142857, 1.1334760885082085, 1.2405978784956606, 1.1746849942726232, 0.8853514576998749, 0.5806794055201698, 0.9207121146330872, 1.0997659449970745, 1.0581283164495898, 0.6322674418604651, 0.8614130434782609, 1.1914262159934048, 0.7469269703543022, 0.8176189135941457, 0.5804878048780489, 0.7027027027027026]}