{"Segmented": [1.0, 1.0, 1.0, 1.0, 1.0, 1.0, 1.0, 1.0], "SegmentedRR": [1.338235294117647, 0.711864406779661, 0.9414634146341465, 0.768421052631579, 1.1529051987767585, 0.3037037037037037, 1.8029850746268656, 0.32860520094562656], "Hybrid": [1.5073529411764708, 0.7005649717514124, 1.4390243902439024, 0.7368421052631579, 0.8318042813455657, 0.28888888888888886, 0.9134328358208956, 0.31914893617021284]}