{"Segmented": [1.0, 1.0, 1.0, 1.0, 1.0, 1.0, 1.0, 1.0], "SegmentedRR": [2.1129506421166644, 0.40674955595026646, 1.0, 1.0, 1.0, 1.0, 2.0898054474708174, 0.41335740072202165], "Hybrid": [0.8626025065758937, 0.40674955595026646, 1.0, 1.0, 1.0, 1.0, 0.8647470817120623, 0.41335740072202165]}