{"Segmented": [1.0, 1.0, 1.0, 1.0, 1.0, 1.0, 1.0, 1.0], "SegmentedRR": [1.9694260167291606, 0.3239038189533239, 1.3737563085796687, 0.3309248554913295, 1.0, 1.0, 1.0, 1.0], "Hybrid": [0.8041534467839632, 0.3253182461103253, 0.8011535688536411, 0.33236994219653176, 1.000179985601152, 1.0, 1.000179985601152, 1.0043668122270741]}