{"Segmented": [1.0, 1.0], "SegmentedRR": [1.8, 0.5679012345679012], "Hybrid": [0.8119402985074627, 0.7333333333333334]}